{
"Format":"LongLatAltEasting",
"UTM Offset": [159.967,-161.096],
"Waypoints": [
[-88.789578,33.474484,88.04144287109375],
[-88.789572,33.474493,87.81219482421875],
[-88.789508,33.474473,86.06813049316406],
[-88.78949,33.474483,61.2674446105957],
[-88.789485,33.4745,64.4027328491211],
[-88.789501,33.474518,69.80391693115234],
[-88.789539,33.474513,78.47824096679688],
[-88.789576,33.474522,84.06285858154297],
[-88.789575,33.474521,84.923095703125],
[-88.78958,33.474514,85.93511962890625],
[-88.789602,33.474524,89.56570434570312],
[-88.789605,33.474535,90.63859558105469],
[-88.789576,33.474614,93.42991638183594],
[-88.789552,33.474629,93.4710693359375],
[-88.789519,33.474612,93.76648712158203],
[-88.789496,33.474602,94.25647735595703],
[-88.789433,33.474585,95.19255065917969],
[-88.789329,33.47452,95.32450103759766],
[-88.789316,33.474514,95.34561157226562],
[-88.789259,33.474519,95.31025695800781],
[-88.789218,33.47456,95.23030853271484],
[-88.789237,33.474628,95.07485961914062],
[-88.789278,33.474665,94.98619079589844],
[-88.789294,33.474677,94.94234466552734],
[-88.789289,33.474715,94.76273345947266],
[-88.789298,33.474776,94.6252670288086],
[-88.789333,33.474903,94.32772827148438],
[-88.789331,33.47492,94.24244689941406],
[-88.789327,33.474942,94.15575408935547],
[-88.789341,33.475005,93.80333709716797],
[-88.789342,33.475079,93.44908905029297],
[-88.789337,33.475087,93.35867309570312],
[-88.789332,33.475109,93.34986877441406],
[-88.789313,33.475131,93.0985107421875],
[-88.789239,33.47517,92.68450927734375],
[-88.789188,33.475213,92.30079650878906],
[-88.789176,33.47523,92.21094512939453],
[-88.789171,33.475244,92.12240600585938],
[-88.789108,33.475265,91.6070556640625],
[-88.789058,33.475313,91.35899353027344],
[-88.789075,33.475357,91.12303161621094],
[-88.789095,33.475384,91.04844665527344],
[-88.789149,33.475473,90.83328247070312],
[-88.789222,33.475563,90.54962921142578],
[-88.789216,33.475603,90.41230010986328],
[-88.78921,33.475619,90.34423065185547],
[-88.789214,33.475685,90.14990997314453],
[-88.7892,33.475736,90.02625274658203],
[-88.789201,33.475779,89.96894073486328],
[-88.789215,33.475833,89.80794525146484],
[-88.789221,33.475847,89.75604248046875],
[-88.789192,33.475887,89.6105728149414],
[-88.789136,33.475934,89.5241470336914],
[-88.78905,33.476055,89.3896484375],
[-88.789048,33.476068,89.36042022705078],
[-88.789077,33.476143,89.26954650878906],
[-88.789075,33.476246,89.15284729003906],
[-88.789076,33.476257,89.13674926757812],
[-88.78907,33.476309,89.11003875732422],
[-88.789051,33.476359,89.09870147705078],
[-88.788963,33.476543,89.02197265625],
[-88.788959,33.476571,89.00751495361328],
[-88.788959,33.476618,88.97840881347656],
[-88.788987,33.476693,88.92420196533203],
[-88.78906,33.476776,88.88854217529297],
[-88.789079,33.476797,88.87928771972656],
[-88.789074,33.476876,88.86552429199219],
[-88.789034,33.476969,88.82929229736328],
[-88.789033,33.477038,88.80908203125],
[-88.789022,33.47709,88.80196380615234],
[-88.789006,33.477119,88.79503631591797],
[-88.788938,33.47729,88.7412109375],
[-88.78894,33.477377,88.71682739257812],
[-88.788938,33.477379,88.70913696289062],
[-88.788915,33.477423,88.69705200195312],
[-88.78891,33.477459,88.68193054199219],
[-88.788954,33.477546,88.66373443603516],
[-88.788965,33.477596,88.65225982666016],
[-88.788971,33.477629,88.6469497680664],
[-88.789013,33.477776,88.62611389160156],
[-88.789073,33.477847,88.60379028320312],
[-88.789082,33.477865,88.59850311279297],
[-88.789082,33.477919,88.58562469482422],
[-88.789107,33.477969,88.57728576660156],
[-88.789097,33.47805,88.5373306274414],
[-88.789103,33.478075,88.53121185302734],
[-88.789135,33.478134,88.51727294921875],
[-88.789316,33.478369,88.46408081054688],
[-88.789323,33.478396,88.45874786376953],
[-88.789358,33.478485,88.45272827148438],
[-88.789364,33.478541,88.45054626464844],
[-88.789398,33.478624,88.43994903564453],
[-88.789397,33.478644,88.43498229980469],
[-88.789381,33.478681,88.39566040039062]]
}
