{
"Format":"LongLatAltEasting",
"UTM Offset": [127.0831,-161.431],
"Waypoints": [[-88.789947,33.474481,111.1371841430664],
[-88.789986,33.474447,111.16460418701172],
[-88.79004,33.474501,111.6226577758789],
[-88.790109,33.474512,112.46407318115234],
[-88.790117,33.474517,112.5469970703125],
[-88.790175,33.474575,113.15637969970703],
[-88.7902,33.474586,113.17365264892578],
[-88.79023,33.474577,113.1728744506836],
[-88.790284,33.474595,112.97984313964844],
[-88.790295,33.474599,112.94400787353516],
[-88.790329,33.474598,112.8008804321289],
[-88.790433,33.474622,112.43744659423828],
[-88.790485,33.474594,112.2251205444336],
[-88.79049,33.474591,112.21122741699219],
[-88.790615,33.474583,112.10033416748047],
[-88.790644,33.474578,112.0821304321289],
[-88.790674,33.474558,112.0633773803711],
[-88.790678,33.474555,112.0537338256836],
[-88.790705,33.474507,111.9252700805664],
[-88.79075,33.474476,111.82832336425781],
[-88.790776,33.474488,111.62831115722656],
[-88.790829,33.474471,111.52296447753906],
[-88.790836,33.474468,111.52073669433594],
[-88.790928,33.474449,111.1876449584961],
[-88.790953,33.474454,111.15478515625],
[-88.790982,33.474424,110.81548309326172],
[-88.790992,33.474394,110.76705169677734],
[-88.790994,33.474386,110.74353790283203],
[-88.791012,33.474363,110.67476654052734],
[-88.791061,33.474358,110.58159637451172],
[-88.791116,33.474377,110.4035415649414],
[-88.791159,33.474415,110.27294921875],
[-88.791161,33.474417,110.25399780273438],
[-88.791247,33.474468,110.10871887207031],
[-88.791333,33.474489,110.01960754394531],
[-88.791341,33.474492,110.00691986083984],
[-88.791431,33.474499,109.79271697998047],
[-88.791487,33.474554,109.67906188964844],
[-88.791506,33.474586,109.6047134399414],
[-88.791512,33.474593,109.5855712890625],
[-88.791653,33.474666,109.33358001708984],
[-88.791662,33.474677,109.3134765625],
[-88.791742,33.474728,109.18740844726562],
[-88.791817,33.474745,109.09640502929688],
[-88.791852,33.474743,109.08368682861328],
[-88.791863,33.474737,109.08220672607422],
[-88.791902,33.474729,109.08252716064453],
[-88.792062,33.474743,109.08928680419922],
[-88.792084,33.474747,109.08910369873047],
[-88.792168,33.474766,109.08007049560547],
[-88.792192,33.474782,109.0599136352539],
[-88.792163,33.474854,108.91069793701172],
[-88.792153,33.474864,108.89251708984375],
[-88.792114,33.474911,108.80524444580078],
[-88.792055,33.475026,108.59506225585938],
[-88.792053,33.475038,108.57695770263672],
[-88.792039,33.475096,108.51184844970703],
[-88.79204,33.475214,108.40406799316406],
[-88.792037,33.475219,108.39450073242188],
[-88.792025,33.475299,108.31719207763672],
[-88.791974,33.475389,108.24098205566406],
[-88.791973,33.475396,108.23383331298828],
[-88.791924,33.475468,108.18826293945312],
[-88.791873,33.475509,108.1212387084961],
[-88.791866,33.475524,108.11505889892578],
[-88.791865,33.475538,108.1077880859375],
[-88.791787,33.475681,107.82232666015625],
[-88.791779,33.475648,107.68032836914062],
[-88.791773,33.475628,107.67442321777344],
[-88.791772,33.47557,107.59193420410156],
[-88.791741,33.475563,107.51371765136719],
[-88.791692,33.475584,107.49373626708984],
[-88.791677,33.475619,107.48334503173828],
[-88.791672,33.475641,107.47901153564453],
[-88.79165,33.47569,107.46965026855469],
[-88.791618,33.475717,107.464599609375],
[-88.791562,33.475793,107.45154571533203],
[-88.791532,33.475826,107.44863891601562],
[-88.791458,33.475915,107.43378448486328],
[-88.791359,33.476009,107.41645812988281],
[-88.79134,33.476023,107.41239166259766],
[-88.791228,33.47611,107.3974380493164],
[-88.791117,33.476148,107.38997650146484],
[-88.791051,33.476187,107.38776397705078],
[-88.79102,33.476197,107.38797760009766],
[-88.790979,33.476232,107.4006576538086] ]
}