{
"Format":"LongLatAltEasting",
"UTM Offset": [130.3804,-222.487],
"Waypoints": [
[-88.78991,33.473934,86.11190795898438 ],
[-88.789916,33.473935,87.08317565917969 ],
[-88.789877,33.474028,93.00476837158203 ],
[-88.789871,33.474066,93.09321594238281 ],
[-88.78989,33.474198,93.36952209472656 ],
[-88.78989,33.474241,94.3045654296875 ],
[-88.789895,33.474539,96.49838256835938 ],
[-88.789847,33.474633,96.9220199584961 ],
[-88.789837,33.474738,97.13751220703125 ],
[-88.789845,33.474798,97.1972885131836 ],
[-88.789848,33.474853,97.2667465209961 ],
[-88.789836,33.474897,97.32183074951172 ],
[-88.789786,33.474961,97.3689193725586 ],
[-88.78977,33.475012,97.50216674804688 ],
[-88.789775,33.475173,98.15242767333984 ],
[-88.789778,33.475234,98.46385955810547 ],
[-88.789798,33.475401,99.15528869628906 ],
[-88.789825,33.475475,99.4288558959961 ],
[-88.789866,33.475529,99.68040466308594 ],
[-88.789921,33.475573,99.87765502929688 ],
[-88.790213,33.475738,100.37771606445312 ],
[-88.790273,33.475774,100.38654327392578 ],
[-88.790363,33.475829,100.32501220703125 ],
[-88.790473,33.475865,100.11548614501953 ],
[-88.790579,33.475991,99.74751281738281 ],
[-88.790639,33.476041,99.61226654052734 ],
[-88.790706,33.476094,99.44231414794922 ],
[-88.790826,33.476169,99.08129119873047 ],
[-88.790925,33.476206,98.92323303222656 ],
[-88.790936,33.476221,98.9083251953125 ],
[-88.790929,33.476295,98.6706771850586 ],
[-88.790938,33.476339,98.62366485595703 ],
[-88.790964,33.476386,98.61119079589844 ],
[-88.790991,33.476446,98.59862518310547 ],
[-88.791007,33.476499,98.59619140625 ],
[-88.791005,33.476547,98.63111877441406 ],
[-88.790976,33.47665,98.74454498291016 ],
[-88.790976,33.476704,98.97767639160156 ],
[-88.790937,33.476787,99.24727630615234 ],
[-88.790926,33.476848,99.4742660522461 ],
[-88.790919,33.476906,99.63288879394531 ],
[-88.790897,33.476957,99.77959442138672 ],
[-88.79077,33.47716,100.4332046508789 ],
[-88.790697,33.477301,100.66474914550781 ],
[-88.790687,33.47733,100.6907958984375 ],
[-88.790662,33.477549,101.70731353759766 ],
[-88.790654,33.477792,102.54710388183594 ],
[-88.790654,33.47788,102.62963104248047 ],
[-88.790663,33.477992,102.64767456054688 ],
[-88.790689,33.478057,102.58650207519531 ],
[-88.790685,33.47809,102.52204132080078 ],
[-88.790667,33.478114,102.42019653320312 ],
[-88.790656,33.478127,102.35992431640625 ],
[-88.790484,33.478238,101.58281707763672 ],
[-88.790467,33.478248,101.4767074584961 ],
[-88.790417,33.478289,100.64854431152344 ],
[-88.790407,33.478312,100.29588317871094 ],
[-88.790307,33.478366,98.86595153808594 ],
[-88.790285,33.478374,98.74568176269531 ],
[-88.790113,33.478453,97.93401336669922 ],
[-88.790034,33.478457,97.71343231201172 ],
[-88.790001,33.478462,97.6058349609375 ],
[-88.789934,33.478487,97.39452362060547 ],
[-88.78987,33.478489,97.18959045410156 ],
[-88.789887,33.478505,95.81462097167969 ],
[-88.789865,33.478522,94.6656265258789 ],
[-88.789782,33.478532,94.42341613769531 ],
[-88.789758,33.478529,94.34667205810547 ],
[-88.789715,33.478505,94.19734191894531 ],
[-88.789685,33.478503,94.12501525878906 ],
[-88.789544,33.478563,92.40104675292969 ],
[-88.789423,33.478634,91.97943878173828],
[-88.789385,33.478661,91.69351196289062],
[-88.789155,33.478783,91.36128234863281],
[-88.789048,33.478829,91.30988311767578],
[-88.789015,33.478835,91.2926025390625],
[-88.788988,33.47883,91.27506256103516],
[-88.788956,33.478801,91.2562255859375],
[-88.788911,33.478675,90.73493194580078],
[-88.78883,33.478568,90.43575286865234],
[-88.788746,33.47841,90.14579010009766],
[-88.788698,33.478317,90.00979614257812],
[-88.788501,33.478027,89.63611602783203],
[-88.788439,33.477927,89.5354995727539],
[-88.788391,33.47782,89.46227264404297],
[-88.788352,33.477711,89.41586303710938],
[-88.788327,33.477595,89.35985565185547],
[-88.788299,33.477357,89.1245346069336],
[-88.7883,33.477244,89.01714324951172],
[-88.788379,33.476564,88.31695556640625],
[-88.788439,33.47619,87.92432403564453],
[-88.78846,33.476058,87.83956909179688],
[-88.788552,33.474901,87.3463363647461],
[-88.788558,33.474775,87.29644012451172],
[-88.788573,33.474559,87.24784851074219],
[-88.788585,33.474476,87.1906509399414],
[-88.788608,33.47441,87.1588134765625],
[-88.788669,33.474312,87.2464370727539],
[-88.788708,33.474287,87.2479019165039],
[-88.788744,33.474284,87.25312042236328],
[-88.788778,33.474298,87.2634506225586],
[-88.788804,33.474298,87.26663970947266],
[-88.788879,33.474316,87.28105163574219],
[-88.788931,33.474312,87.2933578491211],
[-88.789114,33.47438,87.46328735351562],
[-88.78915,33.474405,87.461181640625],
[-88.789367,33.47445,87.3856201171875],
[-88.789413,33.474468,87.38884735107422],
[-88.789473,33.474473,87.39441680908203],
[-88.789519,33.474471,87.38663482666016],
[-88.789572,33.474462,87.36643981933594],
[-88.789589,33.474445,87.36106872558594],
[-88.789594,33.474345,87.40653991699219],
[-88.789628,33.474207,87.27793884277344],
[-88.789659,33.474156,87.27063751220703],
[-88.789693,33.474124,87.27521514892578],
[-88.789726,33.474117,87.28289794921875],
[-88.789863,33.474095,87.35455322265625],
[-88.789894,33.474078,87.38787078857422],
[-88.789918,33.474035,87.45848083496094],
[-88.789942,33.474015,87.49241638183594],
[-88.790005,33.473984,87.5634765625],
[-88.790041,33.473961,87.60607147216797],
[-88.790062,33.473937,87.65522003173828],
[-88.790065,33.473916,87.70869445800781],
[-88.790046,33.473904,87.76641845703125],
[-88.790026,33.473902,87.82474517822266],
[-88.790002,33.473919,87.94548034667969],
[-88.789994,33.47394,88.00508880615234],
[-88.789976,33.473945,88.37516784667969] ]
}