{
"Format":"LongLatAltEasting",
"UTM Offset": [250.1976,-169.869],
"Waypoints": [
[-88.78856549218573,33.47440539953299,0],
[-88.78858302939504,33.47422434379887,0],
[-88.7886093382767,33.47409897349387,0],
[-88.78860169414932,33.47387527151455,0],
[-88.78863059505089,33.47364676344908,0],
[-88.78864415547625,33.47344296200817,0],
[-88.78868616559112,33.47328437312724,0],
[-88.78871003125107,33.47320313650788,0],
[-88.78880513261426,33.47308133303078,0],
[-88.7889268267725,33.47306647270828,0],
[-88.78905931158441,33.4730711043394,0],
[-88.78916845061656,33.47315162311698,0],
[-88.78921149949298,33.47326546388113,0],
[-88.78922531824031,33.47341229367187,0],
[-88.78926062654014,33.4735697804574,0],
[-88.78929648175208,33.47364194312472,0],
[-88.78940158100207,33.47370895746162,0],
[-88.78948001408106,33.47379775562546,0],
[-88.78953144887704,33.47391444213381,0],
[-88.78958849180548,33.47405375378458,0],
[-88.78962039280317,33.47414047533778,0],
[-88.78963288643757,33.47422151079383,0],
[-88.78964963706456,33.47425737398945,0],
[-88.78967434955476,33.47428078872222,0]]
}

			