{
"Format":"LongLatAltEasting",
"UTM Offset": [130.1053,283.5823],
"Waypoints": [
[-88.78991308785469,33.47846785795507,0],
[-88.79037330694253,33.47833290748881,0],
[-88.79050379573373,33.47822424668156,0],
[-88.79069333247476,33.47808264106644,0],
[-88.79089852951965,33.47793845383514,0],
[-88.79104826275201,33.47787475400926,0],
[-88.79120672544313,33.47781605554282,0],
[-88.79129558761959,33.47777372846453,0],
[-88.79139919031395,33.4775925025496,0],
[-88.79151719669396,33.4774335752635,0],
[-88.79165232448457,33.47724720248709,0],
[-88.79187203580956,33.47704686868543,0],
[-88.79211098532822,33.4768152131188,0],
[-88.7923016801698,33.4766240991769,0],
[-88.79244413041505,33.47647689211196,0],
[-88.79261343104344,33.47630686557552,0],
[-88.79280429479698,33.47615978826705,0],
[-88.79289101093681,33.47609124844796,0],
[-88.79305147622834,33.47598802525251,0],
[-88.79321680935703,33.47585704105278,0],
[-88.79331750538843,33.4757164626883,0],
[-88.79346496412356,33.47563870942437,0],
[-88.7935668258377,33.47556516205837,0],
[-88.79365891210847,33.47547171266039,0],
[-88.79376433156224,33.47533659657407,0],
[-88.79383725736017,33.47522963107342,0],
[-88.79393101972477,33.4751315764771,0]]
}

			