{
"Format":"LongLatAltEasting",
"UTM Offset": [149.986,-82.069],
"Waypoints": [
[-88.78969,33.475192,101.64669036865234],
[-88.789676,33.475172,119.49580383300781],
[-88.789732,33.475181,119.08702850341797],
[-88.78975,33.475171,117.31776428222656],
[-88.789726,33.475206,116.16569519042969],
[-88.789705,33.475214,114.96073913574219],
[-88.789617,33.475213,114.67585754394531],
[-88.789604,33.475227,114.627685546875],
[-88.789563,33.475288,114.52755737304688],
[-88.789572,33.475351,114.39177703857422],
[-88.789499,33.475396,114.1982650756836],
[-88.789455,33.475417,114.14838409423828],
[-88.789417,33.475434,114.0960922241211],
[-88.789367,33.475478,113.96733856201172],
[-88.789341,33.475585,113.6080551147461],
[-88.789343,33.475646,113.39431762695312],
[-88.789345,33.475663,113.27996826171875],
[-88.789351,33.475723,112.90589141845703],
[-88.789391,33.475764,112.46949768066406],
[-88.789384,33.475784,112.31392669677734],
[-88.789346,33.475823,111.99627685546875],
[-88.789339,33.475849,111.83768463134766],
[-88.789285,33.475947,111.35126495361328],
[-88.789276,33.476003,111.03117370605469],
[-88.789261,33.476036,110.87303924560547],
[-88.789201,33.476106,110.42720794677734],
[-88.78919,33.47612,110.28508758544922],
[-88.789186,33.47616,109.99810791015625],
[-88.78922,33.476242,109.56499481201172],
[-88.7892,33.476289,109.28872680664062],
[-88.789172,33.476312,108.90294647216797],
[-88.789156,33.476319,108.77738952636719],
[-88.7891,33.476408,108.29187774658203],
[-88.78909,33.476481,108.04994201660156],
[-88.789099,33.476567,107.69975280761719],
[-88.789108,33.476583,107.58100891113281],
[-88.789144,33.47663,107.2210693359375],
[-88.789095,33.476709,106.86243438720703],
[-88.789095,33.476731,106.7453842163086],
[-88.789112,33.476758,106.63162994384766],
[-88.789115,33.476812,106.52479553222656],
[-88.78911,33.476858,106.42390441894531],
[-88.789077,33.477115,105.69911193847656],
[-88.789036,33.477175,105.49592590332031],
[-88.78902,33.477199,105.39251708984375],
[-88.788999,33.477265,105.18777465820312],
[-88.78901,33.477313,104.9920425415039],
[-88.788968,33.477404,104.44812774658203],
[-88.788959,33.477427,104.3641128540039],
[-88.788938,33.477518,103.95892333984375],
[-88.788975,33.477614,103.48591613769531],
[-88.788984,33.477635,103.40583801269531],
[-88.789021,33.47777,102.92469024658203],
[-88.789063,33.47782,102.68085479736328],
[-88.78907,33.477848,102.60150146484375],
[-88.789068,33.477918,102.3091812133789],
[-88.789099,33.478041,101.96700286865234],
[-88.789096,33.478056,101.89952087402344],
[-88.789083,33.478085,101.76274871826172],
[-88.789087,33.478115,101.69225311279297],
[-88.789189,33.478197,101.46823120117188],
[-88.789253,33.478268,101.2310791015625],
[-88.789275,33.478298,101.15037536621094],
[-88.78931,33.47837,100.99813079833984],
[-88.789364,33.478427,100.85140228271484],
[-88.789444,33.478488,100.62822723388672],
[-88.789502,33.478509,100.47705078125],
[-88.789528,33.478516,100.40103912353516],
[-88.789541,33.478522,100.32380676269531],
[-88.789549,33.478546,100.14590454101562],
[-88.789573,33.478541,100.06436920166016] ]
}