{
    "Waypoints": [
	[	50	,	0	],
[	45	,	21.79449472	],
[	40	,	30	],
[	35	,	35.70714214	],
[	30	,	40	],
[	25	,	43.30127019	],
[	20	,	45.82575695	],
[	15	,	47.69696007	],
[	10	,	48.98979486	],
[	5	,	49.74937186	],
[	6.93889E-15	,	50	],
[	-5	,	49.74937186	],
[	-10	,	48.98979486	],
[	-15	,	47.69696007	],
[	-20	,	45.82575695	],
[	-25	,	43.30127019	],
[	-30	,	40	],
[	-35	,	35.70714214	],
[	-40	,	30	],
[	-45	,	21.79449472	],
[	-50	,	1.16801E-06	],
[	-45	,	-21.79449472	],
[	-40	,	-30	],
[	-35	,	-35.70714214	],
[	-30	,	-40	],
[	-25	,	-43.30127019	],
[	-20	,	-45.82575695	],
[	-15	,	-47.69696007	],
[	-10	,	-48.98979486	],
[	-5	,	-49.74937186	],
[	0	,	-50	],
[	5	,	-49.74937186	],
[	10	,	-48.98979486	],
[	15	,	-47.69696007	],
[	20	,	-45.82575695	],
[	25	,	-43.30127019	],
[	30	,	-40	],
[	35	,	-35.70714214	],
[	40	,	-30	],
[	45	,	-21.79449472	]
	],
    "Solve Potential": true,
    "Map Resolution": 2.0
}
