{
  "Waypoints": [
    [ 3.245400906, -0.009969678 ],
    [ 11.50414562, -0.025646631 ],
    [ 23.74152756, -0.048593052 ],
    [ 35.39866638, 0.928789496 ],
    [ 45.08769226, 3.98251462 ],
    [ 53.21130753, 7.616467476 ],
    [ 59.13541031, 12.40573692 ],
    [ 61.55899811, 18.65089035 ],
    [ 64.21224976, 27.46639252 ],
    [ 66.72418976, 38.49365616 ],
    [ 67.76132965, 50.6496048 ],
    [ 67.43569946, 63.51748657 ],
    [ 64.83424377, 76.81826019 ],
    [ 60.68233109, 89.79655457 ],
    [ 57.72903442, 103.4458389 ],
    [ 55.28468323, 116.9380035 ]
  ],
    "Solve Potential": true,
    "Map Resolution": 1.0
}
